{
    "rules_file_name": "sequence_transform_dict.txt",
    "sequence_token_symbols": {
        "👆": "*",
        "👍": "@",
        "★":  "#",
        "✪":  "&"
    },
    "transform_sequence_reference_symbols": "◯⑴⑵⑶⑷⑸⑹⑺",
    "space_symbol": "⎵",
    "wordbreak_symbol": {
        "‸": "^"
    },
    "digit_symbol": {
        "∂": "D"
    },
    "upper_alpha_symbol": {
        "∆": "U"
    },
    "alpha_symbol": {
        "∇": "A"
    },
    "terminating_punct_symbol": {
        "‼": "T"
    },
    "nonterminating_punct_symbol": {
        "‥": "N"
    },
    "punct_symbol": {
        "•": "P"
    },
    "any_symbol": {
        "∀": "~"
    },
    "output_funcs": {
        "one_shot_shift_symbol": "⇑",
        "capitalize_first_character_symbol": "∁"
    },
    "comment_str": "//",
    "separator_str": "⇒",
    "implicit_transform_leading_wordbreak": false
}
